,intercept,Astronomy,Herbology,Divination,Muggle Studies,Ancient Runes,History of Magic,Transfiguration,Potions,Charms,Flying
Gryffindor,-3.51802268517614,0.20929768466145485,-1.390677489910951,1.5744683669464883,-0.2778943496370018,0.3694584139853617,-0.736520705883947,-1.304965419530804,0.5189737784594426,0.3730153678950233,1.5841397803927149
Ravenclaw,-2.5390988763476945,-1.14521024065563,0.48817949940748123,-0.014156943931881053,1.6087827218815445,1.1719065097809542,0.31979623520056905,-0.1386648049140563,-0.3923665059059934,0.9910275968724384,-0.4246963582774903
Slytherin,-4.393198314311468,-1.703661895147302,0.0026997959729535468,-2.426227754357761,-1.149533666511893,-0.3813296342982061,-0.47499184716864684,1.1513880969188246,1.006930120880742,-0.3139432940902578,-0.11259203310491495
Hufflepuff,-2.6071245968438332,2.3413123112456913,2.0957655682826197,0.6605353086073331,-1.2417190974866323,-1.1231839897153726,1.3238790445738802,0.37423977170809564,-0.5602260344469473,-0.5735688325191377,-0.5428743483714569
